ctau,m,lam121,lam112,BrP,BrD,Br,Br_charged
623.8423438597877,0.5,1e-07,1e-07,5.657284852362789e-06,1.0,5.657284852362789e-06,0.976064214469999
384.19219145328657,0.5,1.2742749857031348e-07,1.2742749857031348e-07,9.186135133438085e-06,1.0000000000000002,9.186135133438087e-06,0.9760642144699991
236.6040738120435,0.5,1.623776739188721e-07,1.623776739188721e-07,1.4916147081745105e-05,1.0,1.4916147081745105e-05,0.976064214469999
145.71219558808082,0.5,2.06913808111479e-07,2.06913808111479e-07,2.422026731591813e-05,0.9999999999999999,2.4220267315918128e-05,0.9760642144699989
89.73659498342273,0.5,2.6366508987303554e-07,2.6366508987303554e-07,3.932771251989159e-05,1.0000000000000002,3.93277125198916e-05,0.9760642144699991
55.26412148769738,0.5,3.359818286283781e-07,3.359818286283781e-07,6.385785825269596e-05,1.0,6.385785825269596e-05,0.976064214469999
34.03431035433392,0.5,4.281332398719396e-07,4.281332398719396e-07,0.00010368677468501138,1.0,0.00010368677468501138,0.976064214469999
20.959969146582534,0.5,5.455594781168515e-07,5.455594781168515e-07,0.00016835328424261812,0.9999999999999999,0.0001683532842426181,0.9760642144699989
12.908159502921945,0.5,6.951927961775605e-07,6.951927961775605e-07,0.0002733394422152025,0.9999999999999998,0.00027333944221520244,0.9760642144699988
7.949466938029396,0.5,8.858667904100833e-07,8.858667904100833e-07,0.00044376656473626427,1.0,0.00044376656473626427,0.976064214469999
4.895664992713938,0.5,1.1288378916846883e-06,1.1288378916846883e-06,0.0007203784165907441,1.0000000000000002,0.0007203784165907442,0.9760642144699991
3.0149865277414456,0.5,1.438449888287663e-06,1.438449888287663e-06,0.0011692083263157912,0.9999999999999999,0.001169208326315791,0.9760642144699989
1.8567740594977367,0.5,1.8329807108324375e-06,1.8329807108324375e-06,0.001897149644953713,1.0000000000000002,0.0018971496449537134,0.9760642144699991
1.1434909828954876,0.5,2.335721469090121e-06,2.335721469090121e-06,0.0030769062600776607,1.0,0.0030769062600776607,0.976064214469999
0.7042168761863172,0.5,2.976351441631319e-06,2.976351441631319e-06,0.00498663794683254,1.0000000000000002,0.004986637946832541,0.9760642144699991
0.43369070340184834,0.5,3.7926901907322535e-06,3.7926901907322535e-06,0.00807207811227596,1.0000000000000002,0.008072078112275961,0.9760642144699991
0.26708764384599554,0.5,4.832930238571752e-06,4.832930238571752e-06,0.013041586013467298,0.9999999999999999,0.013041586013467296,0.9760642144699989
0.16448544766039677,0.5,6.158482110660255e-06,6.158482110660255e-06,0.021005741505487886,1.0,0.021005741505487886,0.976064214469999
0.10129806868804968,0.5,7.847599703514607e-06,7.847599703514607e-06,0.03366749289109415,0.9999999999999999,0.03366749289109414,0.9760642144699989
0.062384234385978767,0.5,1e-05,1e-05,0.05354401404164262,0.9999999999999999,0.053544014041642614,0.9760642144699989
20.79416292609245,0.5263157894736842,1e-07,1e-07,5.563560129558653e-06,0.9999999999999999,5.563560129558652e-06,0.8555594599218599
12.806048038649509,0.5263157894736842,1.2742749857031348e-07,1.2742749857031348e-07,9.033948173866182e-06,1.0000000000000002,9.033948173866184e-06,0.85555945992186
7.886581775427915,0.5263157894736842,1.623776739188721e-07,1.623776739188721e-07,1.4669032245317769e-05,0.9999999999999999,1.4669032245317767e-05,0.8555594599218599
4.856937277823201,0.5263157894736842,2.06913808111479e-07,2.06913808111479e-07,2.3819015397575423e-05,1.0000000000000002,2.381901539757543e-05,0.8555594599218601
2.9911361338073217,0.5263157894736842,2.6366508987303554e-07,2.6366508987303554e-07,3.867618851190783e-05,1.0,3.867618851190783e-05,0.85555945992186
1.8420858370601867,0.5263157894736842,3.359818286283781e-07,3.359818286283781e-07,6.279998019732768e-05,0.9999999999999999,6.279998019732766e-05,0.8555594599218599
1.134445267383578,0.5263157894736842,4.281332398719396e-07,4.281332398719396e-07,0.0001019691526113025,1.0,0.0001019691526113025,0.85555945992186
0.6986460884704981,0.5263157894736842,5.455594781168515e-07,5.455594781168515e-07,0.00016556460722500874,1.0,0.00016556460722500874,0.85555945992186
0.43025994375283255,0.5263157894736842,6.951927961775605e-07,6.951927961775605e-07,0.0002688121963710017,0.9999999999999999,0.00026881219637100165,0.8555594599218599
0.26497481665355066,0.5263157894736842,8.858667904100833e-07,8.858667904100833e-07,0.00043641781366421866,1.0000000000000002,0.00043641781366421877,0.85555945992186
0.16318426681363787,0.5263157894736842,1.1288378916846883e-06,1.1288378916846883e-06,0.0007084522343702636,0.9999999999999999,0.0007084522343702635,0.8555594599218599
0.1004967387912999,0.5263157894736842,1.438449888287663e-06,1.438449888287663e-06,0.0011498601173847611,0.9999999999999998,0.001149860117384761,0.8555594599218598
0.061890736802591675,0.5263157894736842,1.8329807108324375e-06,1.8329807108324375e-06,0.0018657778715673202,0.9999999999999999,0.00186577787156732,0.8555594599218599
0.038115299541434465,0.5263157894736842,2.335721469090121e-06,2.335721469090121e-06,0.0030260848635173536,1.0,0.0030260848635173536,0.85555945992186
0.023473239036838112,0.5263157894736842,2.976351441631319e-06,2.976351441631319e-06,0.004904428606139145,0.9999999999999999,0.004904428606139144,0.8555594599218599
0.014455952268761948,0.5263157894736842,3.7926901907322535e-06,3.7926901907322535e-06,0.007939408308045907,0.9999999999999999,0.007939408308045905,0.8555594599218599
0.008902672343972934,0.5263157894736842,4.832930238571752e-06,4.832930238571752e-06,0.012828295449341427,1.0,0.012828295449341427,0.85555945992186
0.005482694836742733,0.5263157894736842,6.158482110660255e-06,6.158482110660255e-06,0.020664927165921377,1.0,0.020664927165921377,0.85555945992186
0.0033765078070289467,0.5263157894736842,7.847599703514607e-06,7.847599703514607e-06,0.03312819563954336,0.9999999999999999,0.033128195639543355,0.8555594599218599
0.002079416292609245,0.5263157894736842,1e-05,1e-05,0.05270369287230243,1.0,0.05270369287230243,0.85555945992186
6.820406868358702,0.5526315789473684,1e-07,1e-07,5.465873118130057e-06,1.0,5.465873118130057e-06,0.8397295822900178
4.200335368621139,0.5526315789473684,1.2742749857031348e-07,1.2742749857031348e-07,8.875327368285343e-06,1.0,8.875327368285343e-06,0.8397295822900177
2.5867690226426934,0.5526315789473684,1.623776739188721e-07,1.623776739188721e-07,1.441147034819654e-05,1.0,1.441147034819654e-05,0.8397295822900177
1.5930570750355144,0.5526315789473684,2.06913808111479e-07,2.06913808111479e-07,2.340079996648268e-05,1.0,2.340079996648268e-05,0.8397295822900177
0.9810813497867005,0.5526315789473684,2.6366508987303554e-07,2.6366508987303554e-07,3.799712002478283e-05,1.0,3.799712002478283e-05,0.8397295822900177
0.6041971941763808,0.5526315789473684,3.359818286283781e-07,3.359818286283781e-07,6.169737731846547e-05,1.0,6.169737731846547e-05,0.8397295822900177
0.3720937611646362,0.5526315789473684,4.281332398719396e-07,4.281332398719396e-07,0.00010017891073434108,1.0000000000000002,0.00010017891073434111,0.8397295822900178
0.229153277162071,0.5526315789473684,5.455594781168515e-07,5.455594781168515e-07,0.00016265802062602228,0.9999999999999999,0.00016265802062602225,0.8397295822900176
0.1411236358001786,0.5526315789473684,6.951927961775605e-07,6.951927961775605e-07,0.0002640935148023055,0.9999999999999999,0.00026409351480230546,0.8397295822900176
0.08691073864667327,0.5526315789473684,8.858667904100833e-07,8.858667904100833e-07,0.00042875827464434254,0.9999999999999998,0.00042875827464434243,0.8397295822900175
0.05352382291798084,0.5526315789473684,1.1288378916846883e-06,1.1288378916846883e-06,0.0006960215625261189,1.0,0.0006960215625261189,0.8397295822900177
0.03296255059345324,0.5526315789473684,1.438449888287663e-06,1.438449888287663e-06,0.0011296931532963335,1.0,0.0011296931532963335,0.8397295822900177
0.020299927815151525,0.5526315789473684,1.8329807108324375e-06,1.8329807108324375e-06,0.0018330777382841391,1.0,0.0018330777382841391,0.8397295822900177
0.012501674229730572,0.5526315789473684,2.335721469090121e-06,2.335721469090121e-06,0.002973109446287209,1.0,0.002973109446287209,0.8397295822900177
0.007699133709709803,0.5526315789473684,2.976351441631319e-06,2.976351441631319e-06,0.00481872935601905,0.9999999999999999,0.004818729356019049,0.8397295822900176
0.004741497721882915,0.5526315789473684,3.7926901907322535e-06,3.7926901907322535e-06,0.0078010920302917204,0.9999999999999999,0.00780109203029172,0.8397295822900176
0.0029200428897952395,0.5526315789473684,4.832930238571752e-06,4.832930238571752e-06,0.012605889757838995,0.9999999999999999,0.012605889757838993,0.8397295822900176
0.0017983031899164732,0.5526315789473684,6.158482110660255e-06,6.158482110660255e-06,0.02030945204724692,0.9999999999999999,0.020309452047246917,0.8397295822900176
0.0011074818024643868,0.5526315789473684,7.847599703514607e-06,7.847599703514607e-06,0.03256545823554285,0.9999999999999999,0.03256545823554284,0.8397295822900176
0.00068204068683587,0.5526315789473684,1e-05,1e-05,0.05182625700715832,1.0,0.05182625700715832,0.8397295822900177
3.5289029258646045,0.5789473684210527,1e-07,1e-07,5.364350434734243e-06,0.9999999999999999,5.364350434734242e-06,0.8336286037582957
2.1732685539193803,0.5789473684210527,1.2742749857031348e-07,1.2742749857031348e-07,8.71047831015022e-06,1.0,8.71047831015022e-06,0.8336286037582957
1.338403551097304,0.5789473684210527,1.623776739188721e-07,1.623776739188721e-07,1.4143795218421137e-05,1.0000000000000002,1.414379521842114e-05,0.8336286037582958
0.8242534326276906,0.5789473684210527,2.06913808111479e-07,2.06913808111479e-07,2.2966163058929128e-05,1.0000000000000002,2.2966163058929135e-05,0.8336286037582958
0.5076150019487958,0.5789473684210527,2.6366508987303554e-07,2.6366508987303554e-07,3.729138713610538e-05,1.0,3.729138713610538e-05,0.8336286037582958
0.31261379086044305,0.5789473684210527,3.359818286283781e-07,3.359818286283781e-07,6.055147848548073e-05,1.0,6.055147848548073e-05,0.8336286037582957
0.1925226438559724,0.5789473684210527,4.281332398719396e-07,4.281332398719396e-07,9.831836874405779e-05,1.0,9.831836874405779e-05,0.8336286037582958
0.11856472580840262,0.5789473684210527,5.455594781168515e-07,5.455594781168515e-07,0.00015963728985229282,0.9999999999999999,0.0001596372898522928,0.8336286037582957
0.0730178742846386,0.5789473684210527,6.951927961775605e-07,6.951927961775605e-07,0.00025918950838912724,1.0,0.00025918950838912724,0.8336286037582957
0.044967927254038614,0.5789473684210527,8.858667904100833e-07,8.858667904100833e-07,0.0004207978616863539,0.9999999999999999,0.0004207978616863538,0.8336286037582956
0.027693417554746965,0.5789473684210527,1.1288378916846883e-06,1.1288378916846883e-06,0.0006831024762922663,1.0,0.0006831024762922663,0.8336286037582958
0.017054941659395383,0.5789473684210527,1.438449888287663e-06,1.438449888287663e-06,0.0011087334763426149,1.0,0.0011087334763426149,0.8336286037582957
0.010503255310774074,0.5789473684210527,1.8329807108324375e-06,1.8329807108324375e-06,0.0017990913733786132,0.9999999999999998,0.0017990913733786128,0.8336286037582956
0.006468410993509975,0.5789473684210527,2.335721469090121e-06,2.335721469090121e-06,0.00291804799882106,1.0000000000000002,0.0029180479988210606,0.833628603758296
0.003983559338792928,0.5789473684210527,2.976351441631319e-06,2.976351441631319e-06,0.004729649506791432,0.9999999999999999,0.004729649506791431,0.8336286037582957
0.0024532678924709846,0.5789473684210527,3.7926901907322535e-06,3.7926901907322535e-06,0.007657303928359273,0.9999999999999998,0.007657303928359271,0.8336286037582956
0.0015108406428439804,0.5789473684210527,4.832930238571752e-06,4.832930238571752e-06,0.012374645153739735,0.9999999999999998,0.012374645153739731,0.8336286037582956
0.000930448507101313,0.5789473684210527,6.158482110660255e-06,6.158482110660255e-06,0.019939745743859944,1.0000000000000002,0.019939745743859948,0.8336286037582958
0.0005730150485873976,0.5789473684210527,7.847599703514607e-06,7.847599703514607e-06,0.031979930560324506,0.9999999999999998,0.0319799305603245,0.8336286037582956
0.0003528902925864605,0.5789473684210527,1e-05,1e-05,0.05091264477906986,1.0000000000000002,0.05091264477906987,0.8336286037582958
2.2305959230258776,0.6052631578947368,1e-07,1e-07,5.2591248725779185e-06,0.9999999999999999,5.259124872577918e-06,0.8304064429759992
1.3737085088066565,0.6052631578947368,1.2742749857031348e-07,1.2742749857031348e-07,8.539616622199784e-06,1.0,8.539616622199784e-06,0.8304064429759991
0.8459959276747606,0.6052631578947368,1.623776739188721e-07,1.623776739188721e-07,1.3866356969209982e-05,1.0000000000000002,1.3866356969209985e-05,0.8304064429759994
0.5210050786276439,0.6052631578947368,2.06913808111479e-07,2.06913808111479e-07,2.2515673154329476e-05,0.9999999999999998,2.2515673154329472e-05,0.8304064429759991
0.3208600456291498,0.6052631578947368,2.6366508987303554e-07,2.6366508987303554e-07,3.655991286022364e-05,1.0,3.655991286022364e-05,0.8304064429759993
0.1976010851032752,0.6052631578947368,3.359818286283781e-07,3.359818286283781e-07,5.93637822848911e-05,1.0,5.93637822848911e-05,0.8304064429759993
0.12169227476555745,0.6052631578947368,4.281332398719396e-07,4.281332398719396e-07,9.638995952869954e-05,0.9999999999999999,9.638995952869953e-05,0.8304064429759992
0.07494396971492409,0.6052631578947368,5.455594781168515e-07,5.455594781168515e-07,0.0001565063641014054,0.9999999999999999,0.00015650636410140538,0.8304064429759992
0.0461541096791224,0.6052631578947368,6.951927961775605e-07,6.951927961775605e-07,0.00025410658639987965,0.9999999999999998,0.0002541065863998796,0.8304064429759991
0.028423925879232658,0.6052631578947368,8.858667904100833e-07,8.858667904100833e-07,0.00041254697319188034,1.0,0.00041254697319188034,0.8304064429759991
0.017504823904198805,0.6052631578947368,1.1288378916846883e-06,1.1288378916846883e-06,0.0006697118371188985,0.9999999999999999,0.0006697118371188984,0.8304064429759992
0.010780314486426634,0.6052631578947368,1.438449888287663e-06,1.438449888287663e-06,0.0010870084045881006,1.0,0.0010870084045881006,0.8304064429759991
0.006639037391195002,0.6052631578947368,1.8329807108324375e-06,1.8329807108324375e-06,0.001763862974398628,1.0,0.001763862974398628,0.8304064429759992
0.004088639300567911,0.6052631578947368,2.335721469090121e-06,2.335721469090121e-06,0.0028609718654967952,0.9999999999999999,0.002860971865496795,0.8304064429759992
0.0025179811989489934,0.6052631578947368,2.976351441631319e-06,2.976351441631319e-06,0.004637303798595428,1.0,0.004637303798595428,0.8304064429759993
0.0015506942168706237,0.6052631578947368,3.7926901907322535e-06,3.7926901907322535e-06,0.007508227424898098,1.0000000000000002,0.0075082274248980995,0.8304064429759993
0.0009549922593702086,0.6052631578947368,4.832930238571752e-06,4.832930238571752e-06,0.0121348519801122,0.9999999999999999,0.012134851980112198,0.8304064429759992
0.0005881302745150472,0.6052631578947368,6.158482110660255e-06,6.158482110660255e-06,0.019556260469868893,1.0,0.019556260469868893,0.8304064429759992
0.00036219897743386225,0.6052631578947368,7.847599703514607e-06,7.847599703514607e-06,0.03137229833378363,0.9999999999999998,0.031372298333783626,0.8304064429759991
0.00022305959230258776,0.6052631578947368,1e-05,1e-05,0.04996385021780449,1.0,0.04996385021780449,0.8304064429759992
1.5771740015487714,0.631578947368421,1e-07,1e-07,5.1503354014335585e-06,1.0,5.1503354014335585e-06,0.8284196057746742
0.9712997873936556,0.631578947368421,1.2742749857031348e-07,1.2742749857031348e-07,8.362967956500228e-06,1.0,8.362967956500228e-06,0.8284196057746742
0.5981732364751962,0.631578947368421,1.623776739188721e-07,1.623776739188721e-07,1.3579521999073329e-05,1.0,1.3579521999073329e-05,0.8284196057746742
0.36838391759082423,0.631578947368421,2.06913808111479e-07,2.06913808111479e-07,2.2049925175522193e-05,1.0,2.2049925175522193e-05,0.8284196057746742
0.2268685766338041,0.631578947368421,2.6366508987303554e-07,2.6366508987303554e-07,3.580366314903163e-05,0.9999999999999999,3.580366314903162e-05,0.8284196057746741
0.1397166070670238,0.631578947368421,3.359818286283781e-07,3.359818286283781e-07,5.8135857022433785e-05,1.0,5.8135857022433785e-05,0.8284196057746742
0.08604422251844138,0.631578947368421,4.281332398719396e-07,4.281332398719396e-07,9.439622918029517e-05,0.9999999999999999,9.439622918029515e-05,0.8284196057746741
0.052990180510549385,0.631578947368421,5.455594781168515e-07,5.455594781168515e-07,0.00015326937637630386,1.0000000000000002,0.0001532693763763039,0.8284196057746743
0.03263390787148761,0.631578947368421,6.951927961775605e-07,6.951927961775605e-07,0.00024885145652935037,0.9999999999999999,0.0002488514565293503,0.8284196057746741
0.02009753378274913,0.631578947368421,8.858667904100833e-07,8.858667904100833e-07,0.00040401649205452976,1.0,0.00040401649205452976,0.8284196057746742
0.012377030226945107,0.631578947368421,1.1288378916846883e-06,1.1288378916846883e-06,0.0006558672929360492,0.9999999999999998,0.0006558672929360491,0.828419605774674
0.007622371923574271,0.631578947368421,1.438449888287663e-06,1.438449888287663e-06,0.0010645465325636412,0.9999999999999999,0.001064546532563641,0.8284196057746741
0.004694224113213112,0.631578947368421,1.8329807108324375e-06,1.8329807108324375e-06,0.0017274388099907403,1.0,0.0017274388099907403,0.8284196057746742
0.002890929522465308,0.631578947368421,2.335721469090121e-06,2.335721469090121e-06,0.0028019557494295723,1.0,0.0028019557494295723,0.8284196057746743
0.0017803737747282185,0.631578947368421,2.976351441631319e-06,2.976351441631319e-06,0.004541812413946027,0.9999999999999999,0.004541812413946026,0.8284196057746741
0.0010964400041952403,0.631578947368421,3.7926901907322535e-06,3.7926901907322535e-06,0.007354054748618149,1.0,0.007354054748618149,0.8284196057746742
0.0006752406151248669,0.631578947368421,4.832930238571752e-06,4.832930238571752e-06,0.011886814793209395,0.9999999999999999,0.011886814793209393,0.8284196057746741
0.0004158457248637737,0.631578947368421,6.158482110660255e-06,6.158482110660255e-06,0.01915947127677043,0.9999999999999999,0.019159471276770427,0.8284196057746741
0.00025609784573680963,0.631578947368421,7.847599703514607e-06,7.847599703514607e-06,0.030743283662963583,1.0,0.030743283662963583,0.8284196057746742
0.00015771740015487712,0.631578947368421,1e-05,1e-05,0.04898092439353487,1.0000000000000002,0.04898092439353489,0.8284196057746743
1.1974572826289205,0.6578947368421053,1e-07,1e-07,5.038127167655971e-06,1.0,5.038127167655971e-06,0.8270751221887784
0.7374519253350046,0.6578947368421053,1.2742749857031348e-07,1.2742749857031348e-07,8.180767994488721e-06,1.0,8.180767994488721e-06,0.8270751221887784
0.4541584489647607,0.6578947368421053,1.623776739188721e-07,1.623776739188721e-07,1.328367299192857e-05,1.0,1.328367299192857e-05,0.8270751221887785
0.2796926683354687,0.6578947368421053,2.06913808111479e-07,2.06913808111479e-07,2.156954048907359e-05,1.0,2.156954048907359e-05,0.8270751221887784
0.17224822944268228,0.6578947368421053,2.6366508987303554e-07,2.6366508987303554e-07,3.502364689277086e-05,1.0,3.502364689277086e-05,0.8270751221887785
0.10607876396156618,0.6578947368421053,3.359818286283781e-07,3.359818286283781e-07,5.6869340725179164e-05,1.0,5.6869340725179164e-05,0.8270751221887785
0.06532841701782569,0.6578947368421053,4.281332398719396e-07,4.281332398719396e-07,9.233983700022733e-05,1.0,9.233983700022733e-05,0.8270751221887784
0.0402323887522034,0.6578947368421053,5.455594781168515e-07,5.455594781168515e-07,0.00014993064349997935,1.0,0.00014993064349997935,0.8270751221887784
0.024777044639957356,0.6578947368421053,6.951927961775605e-07,6.951927961775605e-07,0.00024343112493741776,1.0,0.00024343112493741776,0.8270751221887784
0.01525889861702079,0.6578947368421053,8.858667904100833e-07,8.858667904100833e-07,0.0003952177857619142,1.0,0.0003952177857619142,0.8270751221887784
0.009397165416130143,0.6578947368421053,1.1288378916846883e-06,1.1288378916846883e-06,0.0006415872784223583,1.0,0.0006415872784223583,0.8270751221887785
0.00578722751061527,0.6578947368421053,1.438449888287663e-06,1.438449888287663e-06,0.0010413777319740842,0.9999999999999999,0.001041377731974084,0.8270751221887783
0.0035640537094445016,0.6578947368421053,1.8329807108324375e-06,1.8329807108324375e-06,0.0016898672217616777,1.0,0.0016898672217616777,0.8270751221887784
0.0021949161011046376,0.6578947368421053,2.335721469090121e-06,2.335721469090121e-06,0.0027410777173615566,1.0,0.0027410777173615566,0.8270751221887785
0.0013517351543053066,0.6578947368421053,2.976351441631319e-06,2.976351441631319e-06,0.0044433009905482735,1.0,0.0044433009905482735,0.8270751221887784
0.0008324636766139809,0.6578947368421053,3.7926901907322535e-06,3.7926901907322535e-06,0.00719498696774363,1.0,0.00719498696774363,0.8270751221887784
0.0005126712660201686,0.6578947368421053,4.832930238571752e-06,4.832930238571752e-06,0.011630852449267402,1.0,0.011630852449267402,0.8270751221887784
0.0003157276820434765,0.6578947368421053,6.158482110660255e-06,6.158482110660255e-06,0.01874987627640078,0.9999999999999999,0.018749876276400776,0.8270751221887783
0.00019444032817049793,0.6578947368421053,7.847599703514607e-06,7.847599703514607e-06,0.030093645605426853,1.0000000000000002,0.03009364560542686,0.8270751221887787
0.00011974572826289202,0.6578947368421053,1e-05,1e-05,0.047964976802943475,1.0,0.047964976802943475,0.8270751221887784
0.9547542980303096,0.6842105263157895,1e-07,1e-07,4.92265149419915e-06,1.0,4.92265149419915e-06,0.8261069433002819
0.587983726449565,0.6842105263157895,1.2742749857031348e-07,1.2742749857031348e-07,7.99326244701779e-06,1.0,7.99326244701779e-06,0.8261069433002818
0.36210872606990147,0.6842105263157895,1.623776739188721e-07,1.623776739188721e-07,1.2979208917217345e-05,1.0000000000000002,1.2979208917217348e-05,0.8261069433002819
0.22300401116154625,0.6842105263157895,2.06913808111479e-07,2.06913808111479e-07,2.1075166905586534e-05,1.0000000000000002,2.1075166905586537e-05,0.8261069433002819
0.1373366213343868,0.6842105263157895,2.6366508987303554e-07,2.6366508987303554e-07,3.422091592084438e-05,1.0000000000000002,3.4220915920844385e-05,0.8261069433002819
0.08457851256263425,0.6842105263157895,3.359818286283781e-07,3.359818286283781e-07,5.556594114367693e-05,1.0,5.556594114367693e-05,0.8261069433002819
0.05208752565632365,0.6842105263157895,4.281332398719396e-07,4.281332398719396e-07,9.022355550489083e-05,1.0,9.022355550489083e-05,0.8261069433002819
0.03207800949430275,0.6842105263157895,5.455594781168515e-07,5.455594781168515e-07,0.00014649466613038642,1.0,0.00014649466613038642,0.8261069433002819
0.019755184761625338,0.6842105263157895,6.951927961775605e-07,6.951927961775605e-07,0.0002378528962883666,1.0,0.0002378528962883666,0.8261069433002818
0.012166195194725766,0.6842105263157895,8.858667904100833e-07,8.858667904100833e-07,0.000386162706499261,1.0,0.000386162706499261,0.8261069433002818
0.00749252954615197,0.6842105263157895,1.1288378916846883e-06,1.1288378916846883e-06,0.000626891015278037,1.0,0.000626891015278037,0.8261069433002819
0.00461426091735703,0.6842105263157895,1.438449888287663e-06,1.438449888287663e-06,0.001017533152417037,0.9999999999999999,0.0010175331524170368,0.8261069433002817
0.002841684331346204,0.6842105263157895,1.8329807108324375e-06,1.8329807108324375e-06,0.0016511986261694136,1.0000000000000002,0.001651198626169414,0.826106943300282
0.0017500462118739215,0.6842105263157895,2.335721469090121e-06,2.335721469090121e-06,0.0026784192046307364,1.0,0.0026784192046307364,0.8261069433002819
0.001077762828865429,0.6842105263157895,2.976351441631319e-06,2.976351441631319e-06,0.00434190063432455,1.0,0.00434190063432455,0.8261069433002818
0.0006637383101102336,0.6842105263157895,3.7926901907322535e-06,3.7926901907322535e-06,0.007031234024047582,1.0,0.007031234024047582,0.8261069433002819
0.0004087620508973758,0.6842105263157895,4.832930238571752e-06,4.832930238571752e-06,0.011367298192913352,1.0,0.011367298192913352,0.8261069433002818
0.0002517353777968296,0.6842105263157895,6.158482110660255e-06,6.158482110660255e-06,0.018327996868442883,1.0,0.018327996868442883,0.8261069433002818
0.00015503078207820755,0.6842105263157895,7.847599703514607e-06,7.847599703514607e-06,0.029424180745835235,0.9999999999999999,0.02942418074583523,0.8261069433002817
9.547542980303096e-05,0.6842105263157895,1e-05,1e-05,0.04691717679439656,1.0000000000000002,0.046917176794396574,0.826106943300282
0.7887513495148373,0.7105263157894737,1e-07,1e-07,4.804065880633325e-06,0.9999999999999997,4.804065880633323e-06,0.8253779679689411
0.4857511075746259,0.7105263157894737,1.2742749857031348e-07,1.2742749857031348e-07,7.800707054400292e-06,0.9999999999999998,7.80070705440029e-06,0.8253779679689413
0.2991489506231751,0.7105263157894737,1.623776739188721e-07,1.623776739188721e-07,1.2666545030024012e-05,0.9999999999999999,1.266654503002401e-05,0.8253779679689414
0.1842303460835612,0.7105263157894737,2.06913808111479e-07,2.06913808111479e-07,2.0567478680012804e-05,0.9999999999999998,2.05674786800128e-05,0.8253779679689413
0.11345792905963638,0.7105263157894737,2.6366508987303554e-07,2.6366508987303554e-07,3.339656500264022e-05,1.0,3.339656500264022e-05,0.8253779679689415
0.06987286264263308,0.7105263157894737,3.359818286283781e-07,3.359818286283781e-07,5.4227435754127125e-05,1.0,5.4227435754127125e-05,0.8253779679689414
0.0430310774605277,0.7105263157894737,4.281332398719396e-07,4.281332398719396e-07,8.805027043141606e-05,1.0,8.805027043141606e-05,0.8253779679689415
0.026500612074309655,0.7105263157894737,5.455594781168515e-07,5.455594781168515e-07,0.00014296612877553073,0.9999999999999999,0.0001429661287755307,0.8253779679689414
0.01632035453811832,0.7105263157894737,6.951927961775605e-07,6.951927961775605e-07,0.0002321243737906586,0.9999999999999999,0.00023212437379065858,0.8253779679689414
0.010050861146263456,0.7105263157894737,8.858667904100833e-07,8.858667904100833e-07,0.0003768635912542254,0.9999999999999998,0.0003768635912542253,0.8253779679689411
0.006189804856599396,0.7105263157894737,1.1288378916846883e-06,1.1288378916846883e-06,0.0006117985125010159,1.0,0.0006117985125010159,0.8253779679689415
0.0038119802477845346,0.7105263157894737,1.438449888287663e-06,1.438449888287663e-06,0.0009930452221100926,1.0,0.0009930452221100926,0.8253779679689414
0.0023476012162171296,0.7105263157894737,1.8329807108324375e-06,1.8329807108324375e-06,0.0016114855164368514,1.0,0.0016114855164368514,0.8253779679689414
0.001445766009303751,0.7105263157894737,2.335721469090121e-06,2.335721469090121e-06,0.002614065020200573,0.9999999999999999,0.0026140650202005726,0.8253779679689414
0.0008903724104497816,0.7105263157894737,2.976351441631319e-06,2.976351441631319e-06,0.004237747932607466,1.0,0.004237747932607466,0.8253779679689415
0.0005483342561580431,0.7105263157894737,3.7926901907322535e-06,3.7926901907322535e-06,0.006863014767345047,1.0,0.006863014767345047,0.8253779679689414
0.00033769067072115193,0.7105263157894737,4.832930238571752e-06,4.832930238571752e-06,0.01109649974687297,1.0000000000000002,0.011096499746872972,0.8253779679689415
0.0002079661954573085,0.7105263157894737,6.158482110660255e-06,6.158482110660255e-06,0.017894377971724607,1.0,0.017894377971724607,0.8253779679689414
0.00012807560943459086,0.7105263157894737,7.847599703514607e-06,7.847599703514607e-06,0.028735723783938176,1.0,0.028735723783938176,0.8253779679689415
7.887513495148371e-05,0.7105263157894737,1e-05,1e-05,0.045838755028310155,0.9999999999999998,0.04583875502831015,0.8253779679689413
0.669306834166956,0.7368421052631579,1e-07,1e-07,4.682534003162106e-06,1.0,4.682534003162106e-06,0.8248103802755686
0.41219141647598484,0.7368421052631579,1.2742749857031348e-07,1.2742749857031348e-07,7.603367586454638e-06,0.9999999999999998,7.603367586454636e-06,0.8248103802755684
0.2538473464535074,0.7368421052631579,1.623776739188721e-07,1.623776739188721e-07,1.2346112871194968e-05,1.0,1.2346112871194968e-05,0.8248103802755686
0.15633143419725015,0.7368421052631579,2.06913808111479e-07,2.06913808111479e-07,2.004717651196773e-05,1.0000000000000002,2.0047176511967734e-05,0.8248103802755687
0.09627643408376295,0.7368421052631579,2.6366508987303554e-07,2.6366508987303554e-07,3.255173184836098e-05,1.0,3.255173184836098e-05,0.8248103802755686
0.05929166969830153,0.7368421052631579,3.359818286283781e-07,3.359818286283781e-07,5.28556717605673e-05,1.0,5.28556717605673e-05,0.8248103802755686
0.03651466871481666,0.7368421052631579,4.281332398719396e-07,4.281332398719396e-07,8.582298074343521e-05,1.0,8.582298074343521e-05,0.8248103802755686
0.022487493405688504,0.7368421052631579,5.455594781168515e-07,5.455594781168515e-07,0.00013934989980867086,1.0000000000000002,0.0001393498998086709,0.8248103802755687
0.013848882585252308,0.7368421052631579,6.951927961775605e-07,6.951927961775605e-07,0.00022625345923700367,0.9999999999999999,0.00022625345923700364,0.8248103802755685
0.008528809565391069,0.7368421052631579,8.858667904100833e-07,8.858667904100833e-07,0.0003673332619225004,1.0,0.0003673332619225004,0.8248103802755686
0.005252452113368915,0.7368421052631579,1.1288378916846883e-06,1.1288378916846883e-06,0.0005963305666652158,0.9999999999999999,0.0005963305666652157,0.8248103802755685
0.0032347132377282114,0.7368421052631579,1.438449888287663e-06,1.438449888287663e-06,0.0009679476486237334,0.9999999999999999,0.0009679476486237333,0.8248103802755685
0.0019920923607665104,0.7368421052631579,1.8329807108324375e-06,1.8329807108324375e-06,0.001570782464480806,1.0000000000000002,0.0015707824644808064,0.8248103802755687
0.0012268265166563556,0.7368421052631579,2.335721469090121e-06,2.335721469090121e-06,0.002548103351731391,1.0,0.002548103351731391,0.8248103802755686
0.00075553891557118,0.7368421052631579,2.976351441631319e-06,2.976351441631319e-06,0.004130984967448693,1.0,0.004130984967448693,0.8248103802755687
0.0004652972895452761,0.7368421052631579,3.7926901907322535e-06,3.7926901907322535e-06,0.006690556990316644,1.0,0.006690556990316644,0.8248103802755686
0.00028655250338032996,0.7368421052631579,4.832930238571752e-06,4.832930238571752e-06,0.0108188194026515,1.0,0.0108188194026515,0.8248103802755686
0.00017647284658326812,0.7368421052631579,6.158482110660255e-06,6.158482110660255e-06,0.017449588258497527,1.0,0.017449588258497527,0.8248103802755686
0.00010868048687003484,0.7368421052631579,7.847599703514607e-06,7.847599703514607e-06,0.028029148132039314,1.0,0.028029148132039314,0.8248103802755687
6.69306834166956e-05,0.7368421052631579,1e-05,1e-05,0.044731004968468185,0.9999999999999999,0.04473100496846818,0.8248103802755685
0.5799156998990029,0.763157894736842,1e-07,1e-07,4.558225714639737e-06,1.0,4.558225714639737e-06,0.8243567408134603
0.35714004635190305,0.763157894736842,1.2742749857031348e-07,1.2742749857031348e-07,7.401519842550238e-06,1.0,7.401519842550238e-06,0.8243567408134604
0.2199440586458578,0.763157894736842,1.623776739188721e-07,1.623776739188721e-07,1.2018360267458416e-05,1.0,1.2018360267458416e-05,0.8243567408134604
0.1354521550516525,0.763157894736842,2.06913808111479e-07,2.06913808111479e-07,1.951498754604594e-05,0.9999999999999999,1.9514987546045935e-05,0.8243567408134602
0.08341796737359845,0.763157894736842,2.6366508987303554e-07,2.6366508987303554e-07,3.168759710985633e-05,1.0,3.168759710985633e-05,0.8243567408134604
0.05137280597779469,0.763157894736842,3.359818286283781e-07,3.359818286283781e-07,5.145256609706753e-05,1.0,5.145256609706753e-05,0.8243567408134603
0.031637850658866866,0.763157894736842,4.281332398719396e-07,4.281332398719396e-07,8.354479863686934e-05,1.0,8.354479863686934e-05,0.8243567408134603
0.019484113730237316,0.763157894736842,5.455594781168515e-07,5.455594781168515e-07,0.00013565103148357395,1.0000000000000002,0.00013565103148357397,0.8243567408134606
0.011999256584973637,0.763157894736842,6.951927961775605e-07,6.951927961775605e-07,0.00022024835304457476,1.0,0.00022024835304457476,0.8243567408134604
0.00738972070197824,0.763157894736842,8.858667904100833e-07,8.858667904100833e-07,0.00035758502541381027,1.0,0.00035758502541381027,0.8243567408134604
0.00455094627459089,0.763157894736842,1.1288378916846883e-06,1.1288378916846883e-06,0.0005805087621998455,1.0,0.0005805087621998455,0.8243567408134603
0.002802692121864394,0.763157894736842,1.438449888287663e-06,1.438449888287663e-06,0.000942275419617023,1.0,0.000942275419617023,0.8243567408134602
0.0017260329294190291,0.763157894736842,1.8329807108324375e-06,1.8329807108324375e-06,0.001529146122848694,1.0,0.001529146122848694,0.8243567408134603
0.001062974291823765,0.763157894736842,2.335721469090121e-06,2.335721469090121e-06,0.0024806257706736154,1.0,0.0024806257706736154,0.8243567408134603
0.0006546308160288409,0.763157894736842,2.976351441631319e-06,2.976351441631319e-06,0.004021759328991896,1.0,0.004021759328991896,0.8243567408134603
0.00040315321696005426,0.763157894736842,3.7926901907322535e-06,3.7926901907322535e-06,0.006514097463528351,1.0000000000000002,0.006514097463528353,0.8243567408134606
0.00024828118745036354,0.763157894736842,4.832930238571752e-06,4.832930238571752e-06,0.010534634111844986,1.0,0.010534634111844986,0.8243567408134603
0.00015290352513265554,0.763157894736842,6.158482110660255e-06,6.158482110660255e-06,0.01699422039083857,1.0,0.01699422039083857,0.8243567408134604
9.4165362418635e-05,0.763157894736842,7.847599703514607e-06,7.847599703514607e-06,0.02730536651987677,1.0,0.02730536651987677,0.8243567408134603
5.799156998990028e-05,0.763157894736842,1e-05,1e-05,0.0435952843996678,1.0,0.0435952843996678,0.8243567408134603
0.5108833902387758,0.7894736842105263,1e-07,1e-07,4.431317044588292e-06,1.0,4.431317044588292e-06,0.8239864890359887
0.3146266219418962,0.7894736842105263,1.2742749857031348e-07,1.2742749857031348e-07,7.195449651652871e-06,0.9999999999999999,7.1954496516528705e-06,0.8239864890359886
0.1937622422766643,0.7894736842105263,1.623776739188721e-07,1.623776739188721e-07,1.168375133154406e-05,0.9999999999999998,1.1683751331544056e-05,0.8239864890359885
0.11932813027822554,0.7894736842105263,2.06913808111479e-07,2.06913808111479e-07,1.8971665372136947e-05,1.0,1.8971665372136947e-05,0.8239864890359886
0.07348801556169914,0.7894736842105263,2.6366508987303554e-07,2.6366508987303554e-07,3.080538438145508e-05,1.0000000000000002,3.0805384381455085e-05,0.8239864890359887
0.045257462918464636,0.7894736842105263,3.359818286283781e-07,3.359818286283781e-07,5.0020105429923884e-05,0.9999999999999998,5.002010542992387e-05,0.8239864890359885
0.027871727575723426,0.7894736842105263,4.281332398719396e-07,4.281332398719396e-07,8.121894954571148e-05,0.9999999999999999,8.121894954571146e-05,0.8239864890359886
0.01716475356682895,0.7894736842105263,5.455594781168515e-07,5.455594781168515e-07,0.00013187475994976225,0.9999999999999999,0.00013187475994976222,0.8239864890359886
0.010570882777520791,0.7894736842105263,6.951927961775605e-07,6.951927961775605e-07,0.0002141175542951995,0.9999999999999998,0.00021411755429519944,0.8239864890359885
0.006510059247924837,0.7894736842105263,8.858667904100833e-07,8.858667904100833e-07,0.0003476326737578481,1.0000000000000002,0.00034763267375784813,0.8239864890359887
0.004009208341768362,0.7894736842105263,1.1288378916846883e-06,1.1288378916846883e-06,0.0005643554716685784,1.0,0.0005643554716685784,0.8239864890359887
0.002469063785069033,0.7894736842105263,1.438449888287663e-06,1.438449888287663e-06,0.0009160648035730702,1.0,0.0009160648035730702,0.8239864890359886
0.0015205685150426727,0.7894736842105263,1.8329807108324375e-06,1.8329807108324375e-06,0.0014866352266550153,0.9999999999999999,0.0014866352266550151,0.8239864890359886
0.0009364393997923568,0.7894736842105263,2.335721469090121e-06,2.335721469090121e-06,0.0024117272373621224,0.9999999999999999,0.002411727237362122,0.8239864890359886
0.0005767045291338656,0.7894736842105263,2.976351441631319e-06,2.976351441631319e-06,0.003910224128855611,0.9999999999999999,0.0039102241288556105,0.8239864890359886
0.0003551624525807657,0.7894736842105263,3.7926901907322535e-06,3.7926901907322535e-06,0.006333881970507108,0.9999999999999998,0.0063338819705071065,0.8239864890359885
0.00021872616105968748,0.7894736842105263,4.832930238571752e-06,4.832930238571752e-06,0.010244335577722011,0.9999999999999998,0.01024433557772201,0.8239864890359885
0.00013470211500194845,0.7894736842105263,6.158482110660255e-06,6.158482110660255e-06,0.016528891258268317,0.9999999999999998,0.016528891258268313,0.8239864890359885
8.295605655076e-05,0.7894736842105263,7.847599703514607e-06,7.847599703514607e-06,0.02656533160471194,1.0000000000000002,0.026565331604711948,0.8239864890359887
5.108833902387757e-05,0.7894736842105263,1e-05,1e-05,0.04243301696665771,1.0,0.04243301696665771,0.8239864890359886
0.4561900957520511,0.8157894736842105,1e-07,1e-07,4.301990199214812e-06,0.9999999999999999,4.301990199214811e-06,0.8236790544449967
0.2809438543749396,0.8157894736842105,1.2742749857031348e-07,1.2742749857031348e-07,6.9854528723698955e-06,1.0,6.9854528723698955e-06,0.8236790544449968
0.17301877012680122,0.8157894736842105,1.623776739188721e-07,1.623776739188721e-07,1.1342766462302183e-05,1.0,1.1342766462302183e-05,0.8236790544449969
0.10655330006343444,0.8157894736842105,2.06913808111479e-07,2.06913808111479e-07,1.841799002573912e-05,1.0,1.841799002573912e-05,0.8236790544449968
0.06562065922724775,0.8157894736842105,2.6366508987303554e-07,2.6366508987303554e-07,2.9906360200793032e-05,1.0,2.9906360200793032e-05,0.8236790544449968
0.04041236559407381,0.8157894736842105,3.359818286283781e-07,3.359818286283781e-07,4.856034615984148e-05,0.9999999999999999,4.8560346159841476e-05,0.8236790544449967
0.02488788305605654,0.8157894736842105,4.281332398719396e-07,4.281332398719396e-07,7.884877214778176e-05,0.9999999999999998,7.884877214778175e-05,0.8236790544449966
0.015327158257292934,0.8157894736842105,5.455594781168515e-07,5.455594781168515e-07,0.00012802650526768603,1.0,0.00012802650526768603,0.8236790544449969
0.009439202993479716,0.8157894736842105,6.951927961775605e-07,6.951927961775605e-07,0.00020786986077535888,1.0,0.00020786986077535888,0.8236790544449968
0.005813116277423555,0.8157894736842105,8.858667904100833e-07,8.858667904100833e-07,0.0003374904842097091,1.0,0.0003374904842097091,0.8236790544449968
0.003579997260170104,0.8157894736842105,1.1288378916846883e-06,1.1288378916846883e-06,0.0005478938560474176,1.0,0.0005478938560474176,0.8236790544449968
0.0022047349082970308,0.8157894736842105,1.438449888287663e-06,1.438449888287663e-06,0.000889353350531138,1.0,0.000889353350531138,0.8236790544449968
0.001357782049149544,0.8157894736842105,1.8329807108324375e-06,1.8329807108324375e-06,0.0014433105955094039,1.0,0.0014433105955094039,0.8236790544449969
0.0008361876459863124,0.8157894736842105,2.335721469090121e-06,2.335721469090121e-06,0.0023415061060901316,1.0,0.0023415061060901316,0.8236790544449968
0.0005149646658961814,0.8157894736842105,2.976351441631319e-06,2.976351441631319e-06,0.0037965380134697127,1.0,0.0037965380134697127,0.8236790544449968
0.00031714006825437686,0.8157894736842105,3.7926901907322535e-06,3.7926901907322535e-06,0.006150165342725724,1.0,0.006150165342725724,0.8236790544449968
0.00019531014369181596,0.8157894736842105,4.832930238571752e-06,4.832930238571752e-06,0.009948330346698404,0.9999999999999999,0.009948330346698403,0.8236790544449967
0.00012028140259565376,0.8157894736842105,6.158482110660255e-06,6.158482110660255e-06,0.01605424221563,1.0000000000000002,0.016054242215630003,0.8236790544449969
7.407508661304575e-05,0.8157894736842105,7.847599703514607e-06,7.847599703514607e-06,0.025810036584275678,1.0,0.025810036584275678,0.8236790544449968
4.561900957520511e-05,0.8157894736842105,1e-05,1e-05,0.04124569372890275,1.0,0.04124569372890275,0.8236790544449968
0.41192506062236695,0.8421052631578947,1e-07,1e-07,4.170433561428287e-06,1.0000000000000002,4.170433561428288e-06,0.8234200864548579
0.2536833116775487,0.8421052631578947,1.2742749857031348e-07,1.2742749857031348e-07,6.771835392994952e-06,1.0,6.771835392994952e-06,0.8234200864548576
0.15623041367392398,0.8421052631578947,1.623776739188721e-07,1.623776739188721e-07,1.0995902344821656e-05,1.0,1.0995902344821656e-05,0.8234200864548576
0.09621422077519118,0.8421052631578947,2.06913808111479e-07,2.06913808111479e-07,1.785476798827083e-05,0.9999999999999999,1.7854767988270826e-05,0.8234200864548575
0.05925335574351336,0.8421052631578947,2.6366508987303554e-07,2.6366508987303554e-07,2.8991834049633185e-05,1.0,2.8991834049633185e-05,0.8234200864548576
0.03649107313430151,0.8421052631578947,3.359818286283781e-07,3.359818286283781e-07,4.707541442409679e-05,1.0,4.707541442409679e-05,0.8234200864548576
0.02247296210963908,0.8421052631578947,4.281332398719396e-07,4.281332398719396e-07,7.643771837042902e-05,0.9999999999999999,7.6437718370429e-05,0.8234200864548575
0.013839933512575859,0.8421052631578947,5.455594781168515e-07,5.455594781168515e-07,0.00012411187142375454,0.9999999999999999,0.00012411187142375452,0.8234200864548575
0.00852329829499258,0.8421052631578947,6.951927961775605e-07,6.951927961775605e-07,0.00020151436901581446,1.0,0.00020151436901581446,0.8234200864548576
0.005249058007353285,0.8421052631578947,8.858667904100833e-07,8.858667904100833e-07,0.0003271732193543505,1.0,0.0003271732193543505,0.8234200864548576
0.0032326229836103296,0.8421052631578947,1.1288378916846883e-06,1.1288378916846883e-06,0.0005311478650000222,1.0,0.0005311478650000222,0.8234200864548576
0.0019908050815073386,0.8421052631578947,1.438449888287663e-06,1.438449888287663e-06,0.0008621798928121514,1.0,0.0008621798928121514,0.8234200864548575
0.0012260337480274473,0.8421052631578947,1.8329807108324375e-06,1.8329807108324375e-06,0.001399235135427718,1.0,0.001399235135427718,0.8234200864548576
0.000755050690429281,0.8421052631578947,2.335721469090121e-06,2.335721469090121e-06,0.002270064130140247,1.0,0.002270064130140247,0.8234200864548576
0.00046499661696504006,0.8421052631578947,2.976351441631319e-06,2.976351441631319e-06,0.00368086517730681,1.0,0.00368086517730681,0.8234200864548578
0.0002863673347096738,0.8421052631578947,3.7926901907322535e-06,3.7926901907322535e-06,0.00596321149434422,1.0,0.00596321149434422,0.8234200864548578
0.00017635881078869909,0.8421052631578947,4.832930238571752e-06,4.832930238571752e-06,0.00964703989930985,1.0000000000000002,0.009647039899309852,0.8234200864548578
0.00010861025812995241,0.8421052631578947,6.158482110660255e-06,6.158482110660255e-06,0.015570939320222072,0.9999999999999999,0.01557093932022207,0.8234200864548575
6.688743317275043e-05,0.8421052631578947,7.847599703514607e-06,7.847599703514607e-06,0.025040515810068886,1.0,0.025040515810068886,0.8234200864548576
4.1192506062236666e-05,0.8421052631578947,1e-05,1e-05,0.04003487472525044,1.0,0.04003487472525044,0.8234200864548576
0.37545067844610297,0.868421052631579,1e-07,1e-07,4.036841690856372e-06,0.9999999999999997,4.03684169085637e-06,0.8231992714104442
0.23122062866455817,0.868421052631579,1.2742749857031348e-07,1.2742749857031348e-07,6.554913131552109e-06,1.0,6.554913131552109e-06,0.8231992714104445
0.14239681052463052,0.868421052631579,1.623776739188721e-07,1.623776739188721e-07,1.0643671950546225e-05,1.0,1.0643671950546225e-05,0.8231992714104445
0.08769482102310147,0.868421052631579,2.06913808111479e-07,2.06913808111479e-07,1.728283218737707e-05,0.9999999999999998,1.7282832187377065e-05,0.8231992714104442
0.05400669864683253,0.868421052631579,2.6366508987303554e-07,2.6366508987303554e-07,2.806315835467442e-05,0.9999999999999998,2.8063158354674414e-05,0.8231992714104444
0.03325992874723377,0.868421052631579,3.359818286283781e-07,3.359818286283781e-07,4.556750609866979e-05,0.9999999999999999,4.556750609866978e-05,0.8231992714104444
0.020483067619167374,0.868421052631579,4.281332398719396e-07,4.281332398719396e-07,7.398935339615175e-05,1.0,7.398935339615175e-05,0.8231992714104445
0.012614460550408718,0.868421052631579,5.455594781168515e-07,5.455594781168515e-07,0.00012013664634515682,1.0,0.00012013664634515682,0.8231992714104445
0.007768592963532161,0.868421052631579,6.951927961775605e-07,6.951927961775605e-07,0.00019506047433068,0.9999999999999999,0.00019506047433067998,0.8231992714104444
0.004784274079091393,0.868421052631579,8.858667904100833e-07,8.858667904100833e-07,0.0003166961272095928,0.9999999999999999,0.00031669612720959273,0.8231992714104444
0.002946386632858003,0.868421052631579,1.1288378916846883e-06,1.1288378916846883e-06,0.0005141422371492116,1.0000000000000002,0.0005141422371492117,0.8231992714104446
0.0018145269369544514,0.868421052631579,1.438449888287663e-06,1.438449888287663e-06,0.0008345845457342463,0.9999999999999999,0.0008345845457342462,0.8231992714104444
0.0011174731680545134,0.868421052631579,1.8329807108324375e-06,1.8329807108324375e-06,0.001354473840717319,0.9999999999999999,0.0013544738407173188,0.8231992714104444
0.0006881938514606591,0.868421052631579,2.335721469090121e-06,2.335721469090121e-06,0.0021975064667493945,1.0,0.0021975064667493945,0.8231992714104446
0.00042382295228868483,0.868421052631579,2.976351441631319e-06,2.976351441631319e-06,0.003563375375947647,0.9999999999999998,0.003563375375947646,0.8231992714104444
0.00026101060697570814,0.868421052631579,3.7926901907322535e-06,3.7926901907322535e-06,0.005773293456548498,1.0,0.005773293456548498,0.8231992714104445
0.00016074291537524795,0.868421052631579,4.832930238571752e-06,4.832930238571752e-06,0.00934090074026941,0.9999999999999999,0.009340900740269407,0.8231992714104444
9.899323687538436e-05,0.868421052631579,6.158482110660255e-06,6.158482110660255e-06,0.015079673567124733,1.0000000000000002,0.015079673567124736,0.8231992714104445
6.096480783734076e-05,0.868421052631579,7.847599703514607e-06,7.847599703514607e-06,0.02425784539835746,0.9999999999999999,0.024257845398357458,0.8231992714104444
3.754506784461031e-05,0.868421052631579,1e-05,1e-05,0.038802190542095376,1.0000000000000002,0.03880219054209538,0.8231992714104446
0.34489924487675316,0.8947368421052632,1e-07,1e-07,3.901415323861812e-06,1.0000000000000002,3.901415323861813e-06,0.8230252737385862
0.21240558295537146,0.8947368421052632,1.2742749857031348e-07,1.2742749857031348e-07,6.335012035839125e-06,1.0,6.335012035839125e-06,0.8230252737385859
0.13080959828350233,0.8947368421052632,1.623776739188721e-07,1.623776739188721e-07,1.028660453738864e-05,1.0000000000000002,1.0286604537388642e-05,0.8230252737385861
0.08055885709316034,0.8947368421052632,2.06913808111479e-07,2.06913808111479e-07,1.6703041997230332e-05,1.0000000000000002,1.6703041997230335e-05,0.8230252737385861
0.04961202802634659,0.8947368421052632,2.6366508987303554e-07,2.6366508987303554e-07,2.7121728488344592e-05,1.0,2.7121728488344592e-05,0.823025273738586
0.03055347870738306,0.8947368421052632,3.359818286283781e-07,3.359818286283781e-07,4.403888680033523e-05,1.0,4.403888680033523e-05,0.823025273738586
0.018816305203785758,0.8947368421052632,4.281332398719396e-07,4.281332398719396e-07,7.150735566811211e-05,1.0000000000000002,7.150735566811213e-05,0.8230252737385861
0.011587987898623848,0.8947368421052632,5.455594781168515e-07,5.455594781168515e-07,0.0001161068019143986,0.9999999999999999,0.00011610680191439859,0.8230252737385859
0.00713644161722225,0.8947368421052632,6.951927961775605e-07,6.951927961775605e-07,0.00018851787085574865,1.0,0.00018851787085574865,0.8230252737385859
0.004394964803343456,0.8947368421052632,8.858667904100833e-07,8.858667904100833e-07,0.00030607494132716355,1.0,0.00030607494132716355,0.8230252737385859
0.0027066312118372254,0.8947368421052632,1.1288378916846883e-06,1.1288378916846883e-06,0.0004969025003433333,1.0000000000000002,0.0004969025003433334,0.8230252737385861
0.0016668739898254238,0.8947368421052632,1.438449888287663e-06,1.438449888287663e-06,0.0008066087083148769,1.0,0.0008066087083148769,0.823025273738586
0.0010265413647064753,0.8947368421052632,1.8329807108324375e-06,1.8329807108324375e-06,0.001309093795827391,1.0,0.001309093795827391,0.8230252737385859
0.0006321936630397618,0.8947368421052632,2.335721469090121e-06,2.335721469090121e-06,0.0021239416819835853,1.0000000000000002,0.0021239416819835858,0.8230252737385861
0.000389335336430315,0.8947368421052632,2.976351441631319e-06,2.976351441631319e-06,0.003444243938917264,1.0,0.003444243938917264,0.823025273738586
0.00023977147044539868,0.8947368421052632,3.7926901907322535e-06,3.7926901907322535e-06,0.005580693411320711,1.0,0.005580693411320711,0.8230252737385859
0.00014766283113846977,0.8947368421052632,4.832930238571752e-06,4.832930238571752e-06,0.009030364487178645,1.0,0.009030364487178645,0.823025273738586
9.093789039757156e-05,0.8947368421052632,6.158482110660255e-06,6.158482110660255e-06,0.014581161121607476,1.0000000000000002,0.01458116112160748,0.8230252737385861
5.6003937119462744e-05,0.8947368421052632,7.847599703514607e-06,7.847599703514607e-06,0.023463143836039035,1.0,0.023463143836039035,0.823025273738586
3.448992448767531e-05,0.8947368421052632,1e-05,1e-05,0.0375493438781327,1.0000000000000002,0.037549343878132704,0.8230252737385861
0.3116024259711154,0.9210526315789473,1e-07,1e-07,3.7643613735584423e-06,1.0,3.7643613735584423e-06,0.812975823005336
0.19189979659814507,0.9210526315789473,1.2742749857031348e-07,1.2742749857031348e-07,6.112468083469661e-06,1.0,6.112468083469661e-06,0.8129758230053361
0.11818114643890228,0.9210526315789473,1.623776739188721e-07,1.623776739188721e-07,9.925245649841918e-06,1.0,9.925245649841918e-06,0.812975823005336
0.07278164761612997,0.9210526315789473,2.06913808111479e-07,2.06913808111479e-07,1.6116283238824003e-05,1.0,1.6116283238824003e-05,0.8129758230053361
0.044822447482831665,0.9210526315789473,2.6366508987303554e-07,2.6366508987303554e-07,2.6168982769574197e-05,1.0,2.6168982769574197e-05,0.812975823005336
0.027603824097902768,0.9210526315789473,3.359818286283781e-07,3.359818286283781e-07,4.2491891888702226e-05,1.0000000000000002,4.249189188870223e-05,0.8129758230053361
0.016999765689274658,0.9210526315789473,4.281332398719396e-07,4.281332398719396e-07,6.899551689551371e-05,1.0,6.899551689551371e-05,0.8129758230053361
0.010469275288281439,0.9210526315789473,5.455594781168515e-07,5.455594781168515e-07,0.00011202849398348163,1.0,0.00011202849398348163,0.8129758230053361
0.006447484457445873,0.9210526315789473,6.951927961775605e-07,6.951927961775605e-07,0.0001818965515858776,1.0,0.0001818965515858776,0.812975823005336
0.003970671768994043,0.9210526315789473,8.858667904100833e-07,8.858667904100833e-07,0.0002953258808912629,0.9999999999999999,0.00029532588089126286,0.8129758230053359
0.002445331105665362,0.9210526315789473,1.1288378916846883e-06,1.1288378916846883e-06,0.00047945497191612455,1.0,0.00047945497191612455,0.812975823005336
0.00150595278688812,0.9210526315789473,1.438449888287663e-06,1.438449888287663e-06,0.0007782950639558866,1.0,0.0007782950639558866,0.812975823005336
0.0009274383297549439,0.9210526315789473,1.8329807108324375e-06,1.8329807108324375e-06,0.0012631641771548136,1.0,0.0012631641771548136,0.8129758230053361
0.0005711612362536471,0.9210526315789473,2.335721469090121e-06,2.335721469090121e-06,0.0020494817554975483,1.0,0.0020494817554975483,0.812975823005336
0.00035174862557706816,0.9210526315789473,2.976351441631319e-06,2.976351441631319e-06,0.0033236517822263566,1.0000000000000002,0.0033236517822263574,0.8129758230053363
0.00021662376180657064,0.9210526315789473,3.7926901907322535e-06,3.7926901907322535e-06,0.005385702724469336,1.0,0.005385702724469336,0.812975823005336
0.00013340735618296983,0.9210526315789473,4.832930238571752e-06,4.832930238571752e-06,0.008715897957442532,1.0,0.008715897957442532,0.8129758230053361
8.21586816483304e-05,0.9210526315789473,6.158482110660255e-06,6.158482110660255e-06,0.014076143547449675,1.0,0.014076143547449675,0.812975823005336
5.059727711666736e-05,0.9210526315789473,7.847599703514607e-06,7.847599703514607e-06,0.022657572578391204,1.0,0.022657572578391204,0.812975823005336
3.1160242597111534e-05,0.9210526315789473,1e-05,1e-05,0.03627811109826485,1.0,0.03627811109826485,0.8129758230053361
0.27311139191819966,0.9473684210526315,1e-07,1e-07,3.6258929298267062e-06,0.9999999999999999,3.625892929826706e-06,0.7861526578387787
0.16819516213457544,0.9473684210526315,1.2742749857031348e-07,1.2742749857031348e-07,5.887627281914179e-06,1.0000000000000002,5.887627281914181e-06,0.7861526578387789
0.1035826897105388,0.9473684210526315,1.623776739188721e-07,1.623776739188721e-07,9.560157119087211e-06,0.9999999999999999,9.56015711908721e-06,0.7861526578387787
0.06379121415564253,0.9473684210526315,2.06913808111479e-07,2.06913808111479e-07,1.5523468180256743e-05,0.9999999999999999,1.552346818025674e-05,0.7861526578387787
0.03928570511948233,0.9473684210526315,2.6366508987303554e-07,2.6366508987303554e-07,2.5206402464546176e-05,1.0,2.5206402464546176e-05,0.7861526578387789
0.024194031218300594,0.9473684210526315,3.359818286283781e-07,3.359818286283781e-07,4.092892646819148e-05,1.0000000000000002,4.092892646819149e-05,0.786152657838779
0.014899850844265988,0.9473684210526315,4.281332398719396e-07,4.281332398719396e-07,6.645774205881459e-05,1.0,6.645774205881459e-05,0.7861526578387789
0.009176046487591854,0.9473684210526315,5.455594781168515e-07,5.455594781168515e-07,0.00010790806238764897,1.0,0.00010790806238764897,0.7861526578387789
0.005651051814042131,0.9473684210526315,6.951927961775605e-07,6.951927961775605e-07,0.00017520680841122884,0.9999999999999998,0.00017520680841122882,0.7861526578387786
0.003480190150319264,0.9473684210526315,8.858667904100833e-07,8.858667904100833e-07,0.000284465650814119,1.0000000000000002,0.00028446565081411904,0.786152657838779
0.0021432688782437297,0.9473684210526315,1.1288378916846883e-06,1.1288378916846883e-06,0.00046182675893866276,1.0000000000000002,0.00046182675893866287,0.786152657838779
0.0013199283044998881,0.9473684210526315,1.438449888287663e-06,1.438449888287663e-06,0.0007496875811078295,1.0000000000000002,0.0007496875811078297,0.7861526578387789
0.000812875485061668,0.9473684210526315,1.8329807108324375e-06,1.8329807108324375e-06,0.0012167562547958195,1.0,0.0012167562547958195,0.7861526578387789
0.000500607913294658,0.9473684210526315,2.335721469090121e-06,2.335721469090121e-06,0.0019742420851534795,0.9999999999999998,0.001974242085153479,0.7861526578387786
0.00030829848784801116,0.9473684210526315,2.976351441631319e-06,2.976351441631319e-06,0.0032017854205499473,1.0,0.0032017854205499473,0.786152657838779
0.00018986507221555848,0.9473684210526315,3.7926901907322535e-06,3.7926901907322535e-06,0.005188621977740427,1.0000000000000002,0.005188621977740428,0.786152657838779
0.00011692806506787388,0.9473684210526315,4.832930238571752e-06,4.832930238571752e-06,0.008397983252919761,1.0,0.008397983252919761,0.7861526578387789
7.200993969546225e-05,0.9473684210526315,6.158482110660255e-06,6.158482110660255e-06,0.013565388029950848,0.9999999999999999,0.013565388029950847,0.7861526578387787
4.434719254042281e-05,0.9473684210526315,7.847599703514607e-06,7.847599703514607e-06,0.021842336635539063,1.0,0.021842336635539063,0.7861526578387789
2.731113919181996e-05,0.9473684210526315,1e-05,1e-05,0.03499034376867664,0.9999999999999999,0.034990343768676636,0.7861526578387787
0.23530479438742458,0.9736842105263157,1e-07,1e-07,3.4862292593285862e-06,1.0,3.4862292593285862e-06,0.7512130186627911
0.14491203667875432,0.9736842105263157,1.2742749857031348e-07,1.2742749857031348e-07,5.660845668539324e-06,0.9999999999999999,5.660845668539323e-06,0.751213018662791
0.08924381855054551,0.9736842105263157,1.623776739188721e-07,1.623776739188721e-07,9.191917063097608e-06,1.0000000000000002,9.19191706309761e-06,0.7512130186627912
0.05496064600305442,0.9736842105263157,2.06913808111479e-07,2.06913808111479e-07,1.4925535537006236e-05,0.9999999999999999,1.4925535537006234e-05,0.751213018662791
0.0338474155200143,0.9736842105263157,2.6366508987303554e-07,2.6366508987303554e-07,2.4235511787417713e-05,0.9999999999999999,2.423551178741771e-05,0.751213018662791
0.02084487029720924,0.9736842105263157,3.359818286283781e-07,3.359818286283781e-07,3.9352465389938296e-05,1.0000000000000004,3.9352465389938316e-05,0.7512130186627913
0.012837276082439638,0.9736842105263157,4.281332398719396e-07,4.281332398719396e-07,6.389804941474517e-05,1.0,6.389804941474517e-05,0.7512130186627911
0.007905813510331159,0.9736842105263157,5.455594781168515e-07,5.455594781168515e-07,0.00010375203095861541,1.0,0.00010375203095861541,0.7512130186627911
0.004868781107359058,0.9736842105263157,6.951927961775605e-07,6.951927961775605e-07,0.00016845923215215675,1.0,0.00016845923215215675,0.7512130186627911
0.002998430135039139,0.9736842105263157,8.858667904100833e-07,8.858667904100833e-07,0.0002735114418279806,1.0000000000000002,0.00027351144182798066,0.7512130186627912
0.0018465778346703223,0.9736842105263157,1.1288378916846883e-06,1.1288378916846883e-06,0.0004440457584619487,1.0,0.0004440457584619487,0.7512130186627911
0.001137211656075893,0.9736842105263157,1.438449888287663e-06,1.438449888287663e-06,0.000720831513909711,1.0000000000000002,0.0007208315139097111,0.7512130186627912
0.0007003497639977708,0.9736842105263157,1.8329807108324375e-06,1.8329807108324375e-06,0.0011699433942333188,1.0,0.0011699433942333188,0.7512130186627911
0.000431309149278542,0.9736842105263157,2.335721469090121e-06,2.335721469090121e-06,0.0018983414914722446,1.0,0.0018983414914722446,0.7512130186627912
0.0002656209679995994,0.9736842105263157,2.976351441631319e-06,2.976351441631319e-06,0.0030788369789731666,1.0,0.0030788369789731666,0.7512130186627912
0.0001635821979641793,0.9736842105263157,3.7926901907322535e-06,3.7926901907322535e-06,0.0049897609998249175,0.9999999999999999,0.004989760999824917,0.751213018662791
0.00010074180397848867,0.9736842105263157,4.832930238571752e-06,4.832930238571752e-06,0.008077117841820903,1.0,0.008077117841820903,0.751213018662791
6.204165975971669e-05,0.9736842105263157,6.158482110660255e-06,6.158482110660255e-06,0.013049687592350263,1.0,0.013049687592350263,0.7512130186627911
3.820824517458855e-05,0.9736842105263157,7.847599703514607e-06,7.847599703514607e-06,0.02101868514430283,1.0,0.02101868514430283,0.7512130186627912
2.3530479438742447e-05,0.9736842105263157,1e-05,1e-05,0.033687970164523635,0.9999999999999999,0.03368797016452363,0.751213018662791
0.20125162443844888,1.0,1e-07,1e-07,3.3455958055218724e-06,1.0,3.3455958055218724e-06,0.7142969020781403
0.12394045288455037,1.0,1.2742749857031348e-07,1.2742749857031348e-07,5.43248931064553e-06,1.0,5.43248931064553e-06,0.7142969020781404
0.07632850618766367,1.0,1.623776739188721e-07,1.623776739188721e-07,8.821119886737323e-06,1.0000000000000002,8.821119886737325e-06,0.7142969020781406
0.04700677398901472,1.0,2.06913808111479e-07,2.06913808111479e-07,1.4323450472190632e-05,1.0,1.4323450472190632e-05,0.7142969020781404
0.02894903766911981,1.0,2.6366508987303554e-07,2.6366508987303554e-07,2.325787790100955e-05,1.0,2.325787790100955e-05,0.7142969020781403
0.017828213060610425,1.0,3.359818286283781e-07,3.359818286283781e-07,3.776505325361012e-05,1.0,3.776505325361012e-05,0.7142969020781404
0.010979473119880874,1.0,4.281332398719396e-07,4.281332398719396e-07,6.132057050110033e-05,1.0,6.132057050110033e-05,0.7142969020781403
0.006761688879326178,1.0,5.455594781168515e-07,5.455594781168515e-07,9.956710753720359e-05,1.0,9.956710753720359e-05,0.7142969020781404
0.004164174000118067,1.0,6.951927961775605e-07,6.951927961775605e-07,0.0001616647125925264,1.0,0.0001616647125925264,0.7142969020781403
0.002564499108540365,1.0,8.858667904100833e-07,8.858667904100833e-07,0.00026248093057298065,1.0,0.00026248093057298065,0.7142969020781403
0.0015793421882750079,1.0,1.1288378916846883e-06,1.1288378916846883e-06,0.00042614065774862985,1.0,0.00042614065774862985,0.7142969020781404
0.0009726350613102656,1.0,1.438449888287663e-06,1.438449888287663e-06,0.0006917734028002034,1.0,0.0006917734028002034,0.7142969020781404
0.0005989955625280209,1.0,1.8329807108324375e-06,1.8329807108324375e-06,0.0011228010579494925,1.0,0.0011228010579494925,0.7142969020781403
0.000368890345619371,1.0,2.335721469090121e-06,2.335721469090121e-06,0.001821902221889574,1.0,0.001821902221889574,0.7142969020781404
0.00022718045942921733,1.0,2.976351441631319e-06,2.976351441631319e-06,0.0029550042042315486,1.0,0.0029550042042315486,0.7142969020781404
0.00013990867952864129,1.0,3.7926901907322535e-06,3.7926901907322535e-06,0.004789438896070329,1.0,0.004789438896070329,0.7142969020781403
8.616251000032395e-05,1.0,4.832930238571752e-06,4.832930238571752e-06,0.007753814637348034,1.0,0.007753814637348034,0.7142969020781404
5.306302764465824e-05,1.0,6.158482110660255e-06,6.158482110660255e-06,0.012529861304318296,1.0,0.012529861304318296,0.7142969020781404
3.267877064870983e-05,1.0,7.847599703514607e-06,7.847599703514607e-06,0.020187911921905926,1.0,0.020187911921905926,0.7142969020781403
2.0125162443844883e-05,1.0,1e-05,1e-05,0.032372996741089226,1.0,0.032372996741089226,0.7142969020781404
